temp (°C),hum (%),vib (g)
48.0,35.85,0.1179
24.31,45.79,0.128
28.24,46.57,0.1542
32.62,41.98,0.1527
23.83,48.39,0.0311
23.83,54.04,0.0531
32.9,68.86,0.1258
28.84,51.75,0.1257
22.65,52.58,0.1258
27.71,49.26,0.2926
22.68,30.81,0.1285
22.67,49.73,0.1568
26.21,50.6,0.1477
15.43,74.63,0.1326
16.38,48.08,0.0842
22.19,53.02,0.1379
19.94,49.65,0.0614
26.57,38.31,0.0882
20.46,61.43,0.0757
17.94,57.52,0.1041
32.33,57.91,0.2157
23.87,40.91,0.0066
25.34,64.03,0.1343
17.88,35.98,0.0194
22.28,55.87,0.0764
25.55,71.9,0.1544
19.25,40.09,0.1032
26.88,44.34,0.0461
22.0,51.0,0.0642
23.54,44.97,0.134
21.99,34.49,0.0635
34.26,50.69,0.1108
24.93,39.38,0.1023
19.71,54.74,0.0674
29.11,40.81,0.2072
18.9,65.5,0.1317
26.04,42.17,-0.0013
15.2,46.78,0.1093
18.36,58.14,0.0669
25.98,37.69,0.1426
28.69,52.27,0.0604
25.86,63.07,0.0943
24.42,33.93,0.1252
23.49,51.85,0.1433
17.61,52.6,0.04
21.4,57.82,0.0833
22.7,37.63,0.0763
30.29,36.8,0.0673
26.72,55.22,0.1883
16.18,52.97,0.1202
26.62,52.5,0.037
23.07,53.46,0.1459
21.62,43.2,0.2061
28.06,52.32,0.1516
30.15,52.93,0.024
29.66,42.86,0.0758
20.8,68.66,0.1633
23.45,54.74,0.0646
26.66,38.09,0.1222
29.88,56.57,0.1387
22.6,40.25,0.0537
24.07,57.87,0.097
19.47,61.59,-0.0621
19.02,41.79,0.0488
29.06,59.63,0.0874
31.78,54.13,0.0376
24.64,58.22,0.1816
30.02,68.97,0.0285
26.81,47.55,0.078
21.77,42.46,0.1065
26.81,41.1,0.1721
32.69,41.84,0.0282
24.82,49.23,0.1582
32.82,53.41,0.1005
11.9,52.77,0.0509
29.11,58.27,0.1231
25.44,50.13,0.11
23.5,64.54,0.07
25.46,47.35,0.1035
15.06,77.2,0.0807
23.9,56.26,0.1057
26.79,41.43,0.1331
32.39,39.29,0.1793
22.41,54.82,0.0381
20.96,47.77,0.2067
22.49,57.14,0.0024
29.58,54.73,0.0924
26.64,49.27,0.1294
22.35,41.53,0.114
27.57,34.85,0.0689
25.49,45.53,0.0896
29.84,58.56,0.0753
21.49,52.14,0.0705
23.36,37.54,0.1425
23.04,51.73,0.1179
17.68,53.85,0.0654
26.48,41.16,0.145
26.31,51.54,0.1154
25.03,50.58,0.1406
23.83,38.57,0.1315
19.294192378243693,53.20561043910617,0.04070859257945004
22.519562133244705,53.13455189234143,0.05779924447869895
26.72744731541057,40.88537909550644,0.18575467179512423
22.55345641742086,39.15207545029399,0.07751675016492829
25.330912145569208,61.86100890057062,0.0742837336964864
14.874805276328456,76.83683485453761,0.09480204631131214
19.69240970614201,59.41437189280375,0.11495487034755981
28.5033366718701,34.27402036833185,0.10883618595440361
19.786864209426387,63.934448991466375,0.12725767173047128
25.52222076249645,45.09548089489681,0.01405029129119183
26.802421138545373,39.06632503920435,0.07932214252369887
28.80880529766411,52.077642444295314,0.04237525469225097
31.811204995335363,37.738475293251845,0.18925711348647056
18.060192830889328,48.58079556803616,0.20788606585233613
29.525521727372517,35.92385139677762,0.054772046399500736
23.356235533747867,57.619543047218684,0.13318864739158695
15.527045254915187,75.64795906615292,0.07762635189617992
28.51021408857034,62.64889016453085,0.09807775129464422
26.677726657492016,56.076663741060834,0.18896517222383166
33.273707846609675,53.32177518416715,0.09686732980481651
22.94349853209853,50.49244522109044,0.1397637214351912
17.78887879400753,67.65224207503755,0.13362140834385533
25.259052453425138,52.60389079159228,0.044290905621775366
23.683474366136114,53.84965938650038,0.14761034149203406
18.872381093916204,55.63822756788538,0.07615250751750331
14.072820762747046,77.71743286094379,0.12857885110799913
19.9123782906934,57.641778352061166,0.07718779571159651
25.252333508777923,45.68724953733143,0.009797491410680056
19.19521705736265,67.14302589146747,0.14335739546666681
25.860924158652146,75.41221406031538,0.16412979913805315
28.70058222762577,63.45286889142025,0.11690925826520676
15.767240202293861,71.26105000736602,0.13112719508044615
33.94657964771739,38.859777175269954,0.017497849968359635
22.35630707395306,49.2184186188346,0.14965614390167567
28.662262599292,77.22430337686615,0.1555175422875061
35.48509742964855,40.05187328231683,0.13279221179999756
24.054638296733444,49.65119841883161,0.14628238174206057
20.889578845030545,63.157202963913335,0.113129125619221
20.901057778757732,62.42448593827315,0.12587484458241552
19.168926670278857,47.94672646207684,0.15642047685114066
26.122269913071726,59.57855328135915,0.1057013961196214
32.09875754417797,55.57748481458879,0.07969391701264537
26.88463146480753,69.58743706348783,0.1583721739663551
20.575271550941597,52.98527335641613,0.05118912503528793
28.13763759201305,49.99668544329873,0.1467524517795156
19.22034219201148,61.56128256200361,0.07835785722274428
25.112951323961543,66.92906410763398,0.1037942080692576
15.006132138406242,71.92347680886506,0.07776555920594863
18.773980016356823,51.881876908246156,0.07479453016547925
21.03232388905239,52.44827987125758,0.12992686248416796
25.108635737323304,39.45318903656326,0.11416590335826159
25.775675333374696,51.20786187746497,0.07555820522181535
32.6342210377836,37.77671488825456,0.11517182294960829
18.735991841523635,45.737959783219935,0.1569421276437504
24.905141870191468,53.19513927518497,0.14085103791700876
25.992863296082117,39.13655332106351,0.12048453668777752
19.896258457527313,61.88570153258357,0.08273788681874697
28.68330017229361,57.5555187828316,0.13960112790983806
28.133632344500263,35.72809824246729,0.12309943797417149
22.995270902049516,47.867408794526085,0.1519831898159169
24.724413501690982,53.35382567668464,0.11247546820514692
28.893363818627197,51.81704325948392,0.14992463393142863
18.165531117887433,46.595355657158656,0.1605610865010324
30.28135140828787,53.882207532798496,0.05725231880898064
19.978444716622374,60.02846245554879,0.0957917059317829
31.6966535858757,44.84368045476718,0.13327809876752392
20.276589556960207,65.13834179357315,0.11389825020589237
25.194431521555796,49.9025618095868,0.2913606955663347
12.295940463433688,51.51071618182198,0.04617741595825281
26.39222104341686,76.40486954217522,0.16668128768320284
29.747610103379067,48.79582897329477,0.134274090946123
24.31651218931114,54.12170638905016,0.16072081985179684
19.221190512840742,46.89692581471451,0.21679244530914557
23.42639142973237,47.29998823533628,0.15506487437163743
29.359721200948645,50.84025130121012,0.1276809488320622
24.270586473561536,49.977099774807364,0.14949812745997235
25.10378354683961,40.11130289141873,0.10156076534352547
33.206303290841554,42.771601791771346,0.0213987831952389
27.312328556274302,54.772975020839354,0.05529898569049559
23.52592527022527,46.69820224054376,0.032737327392598554
25.35640977664774,47.13582631832841,0.007129792813347919
27.644565581368695,62.17051197565548,0.1087143424808857
24.79699475191195,51.91508458594969,0.1329636572090596
20.210757274657425,67.18365317976394,0.12752489408301743
27.92970779348278,38.00188096767268,0.12407668765132004
32.65443051962994,55.104148292099204,0.03904841564104438
31.908868221245584,50.05475800395142,0.1190559968979445
15.69650468364081,76.94537531888614,0.11627291994119392
22.149447660497344,43.685487611952524,0.10273174191243256
20.90398337070276,51.16316614985028,0.07658169547070919
27.650149147891316,45.0192661039862,0.1865301040830554
20.353845269353197,52.99731258670546,0.12101771165421268
25.522168632285737,72.10007456962131,0.1586808095105698
30.136971805544817,42.16311765324214,0.14750669533218963
25.065219499287377,61.46507473129814,0.11317327946166772
19.616582567194396,59.092490000683064,0.08529618354361433
21.886796703407654,54.890840534610845,0.09535691276143062
30.83432769571287,40.246430145468025,0.17876094160314127
29.802571279169847,37.818275339279786,0.17435171528021534
26.369466757223236,40.84718933752595,0.14114071924252947
26.75943743196266,55.868106476614194,0.18544907538807592
29.388035380045526,31.294517142739608,0.09816707847282351
24.461559600097473,49.08762137539778,0.09156930449843351
14.48303899393927,49.361778977290044,0.10127875477219844
23.867255325510133,43.898453049685244,0.011124197534306338
21.381125350491864,47.738635776794894,0.2083092816829822
27.27994048954639,55.25346115991294,0.15919474586938195
19.05035301031175,60.71396207143498,0.14156369071019342
18.055896410684603,51.80512676409935,0.0444405056075603
22.444027871053112,37.01887154119562,0.10377493156364397
25.325342758271017,50.483351028155795,0.16366988503915458
24.651189193942198,65.35144509136524,0.11566691681965258
29.71701054238305,54.292918615820625,0.02431968598767114
28.226433610725834,42.60122694409111,0.19716569046169996
24.137208218126236,46.413036007843026,0.026910016902207942
24.389669367300996,58.164257230031026,0.10113124106196605
34.1217797337318,68.97785117836325,0.12394946328990658
25.547964700538127,57.588876500184554,0.18387111980767132
28.796464087001695,40.80263039833093,0.14944876177306385
19.008753902641704,64.92654703298196,0.07874759771259883
14.498156573173402,73.80055677835745,0.09729972965337377
30.80896854629603,56.65530695373159,0.15234251737229956
18.411469382014232,51.84611035835438,0.05656639732969132
25.346672580512056,41.236308907894475,-0.015469061131262594
20.079912772400153,48.76244774859055,0.09231568937660727
20.250931947338795,60.8719186767155,0.14962451402876165
28.274303014339516,70.94570794712274,0.025326504198943327
27.489304770659245,62.477028630587625,0.10002068067510193
17.78212315681107,80.16873137680449,0.0852740885201869
15.657996370990972,34.5429006363474,0.03878034980676624
26.41153577746708,63.547865049887946,0.13254041183419274
24.18719258478385,50.65626065863721,0.15959095764392453
30.57315483187724,57.521682455223434,0.07427211222910177
28.146314491443565,43.57524133005773,0.13348201933919204
17.73276707832463,52.76664905041056,0.0614923728042004
16.913591818043617,47.3046368282171,0.07730937431569462
21.96968143236189,50.31417390124816,0.009516767226251294
25.189654711717772,48.723632277920295,0.015313956192705366
22.842343077739905,44.77441085157285,0.1336600208055986
25.671023306926763,52.15974993861594,0.2963207050297743
27.601519833792995,56.02552553911122,0.1821059647543489
27.811301725040785,76.41985374257911,0.14018738716250337
23.216748582160427,52.271717712777594,0.12477754056268339
21.6099926901877,52.75665616514641,0.16233132064207584
26.90744133918255,54.05757763757868,0.19052456176523017
28.705373188538022,45.201649267108145,0.16003084274121396
24.320925635805576,64.99049246101232,0.10731272053784233
20.188649051090017,47.176949633886615,0.21183775490111362
33.03725081805949,40.75507210135617,0.020869445349831473
18.28163176967013,80.12821670775608,0.07955068186572414
22.58104821064826,47.44446455138309,0.12880842069362314
28.859583446679693,50.75584321701572,0.1765589740655645
31.77189297402991,49.72361833636749,0.05523654180598318
22.70766023566091,59.6495288465751,0.07825627226810085
15.838172676758349,56.3620572838091,0.06932117960985124
25.03638637119279,40.6540075175098,0.14148094346451773
22.606620575629712,38.19627325894413,0.08375368186833525
18.645715373677504,43.49064743443042,0.10992564417560788
27.927584721615503,64.74917407839446,0.09775705742249909
25.38839920164419,47.44011847144528,0.09185137503606752
22.322005544960053,40.64084045151974,0.06858382937095485
34.60904508421906,71.43575971937877,0.11426399044207897
19.387910239320966,50.405411903583456,0.13349440705858745
23.691416697377527,47.367580714791394,0.028292414099216352
16.694095117579145,44.99658269071057,0.0991345349025158
19.917024840370896,57.108553378472294,0.1243651784574067
23.024744283395673,38.36585427337148,0.12939548887196206
24.217053931417023,44.877146961339854,0.15796622936650437
27.342136539669827,42.33377310878656,0.17218627898917577
33.44493683231193,56.448713929285816,0.03774899069547555
32.91333997242275,66.74122732971999,0.12263892317449246
18.6132116373832,48.886051126323274,0.09576798319051938
26.331784978270075,50.98822915044855,0.11865917818168355
24.561170125017007,56.22496011044216,0.07282124660347754
24.446684839306933,57.84446079074783,0.12848154743921025
15.010123360184206,78.02069032436019,0.08016277540395873
21.33232147043487,51.70598355390762,0.13965396660053878
24.20165529728481,57.33764842514862,0.0581995434307558
24.61850294100872,39.70526380376736,0.18464977774446495
9.804890745629793,51.92731944883568,0.05078665011174128
21.482951677064847,54.77638532751878,0.049870038637488255
20.223725285255142,56.655299116657204,0.10008534627138202
20.30888347678613,52.441592527950526,0.03846600323693364
22.616625404317396,56.43521961933248,0.1400174518267434
21.36486988146813,53.43870646215078,0.11756532427449874
27.960386014354416,59.68513784530291,0.14612756567001503
31.612215174553636,52.53754294630008,0.03336114871334907
22.006005227091567,47.557871762241,0.22198525408104935
26.697234279779753,47.222846065758155,0.07173020091893861
28.509758699509252,43.199572438666046,0.008616701295776363
18.29423072087597,70.2475122515646,0.1462264403467003
26.321679865483734,38.762501137109126,0.16554803982344354
13.7243748308659,73.0370290739508,0.06631749353863269
27.881697956670514,61.002772781553965,0.13300554116092203
21.59220253961057,78.80043269841757,0.07747839852833184
25.696426248029415,36.71486409336035,0.13492480322225245
21.883853604987042,51.57738831194487,0.12678904400210975
25.6544444122039,36.16711735405338,0.1270300673139724
20.447685198363274,49.691051707368594,0.02500120229401949
25.72609591044012,49.602679401194926,0.06490058104817624
13.84744817423534,73.53897161657109,0.09693762968425154
25.607698907610573,57.483982639111154,0.16340858142203557
29.73319371727869,62.78498798560511,0.1134180253806342
24.15067649763148,49.701617112498234,0.13454388138356724
31.669923907675877,48.190656608651366,0.13118489699387298
13.86521858825481,67.98025327922046,0.08769300689043533
24.24782000559234,37.66035733330062,0.03068943347312661
19.504764966755104,76.13625631499148,0.06917954478093469
27.739082058240527,42.16258008682114,0.14248549523445303
23.954073716095195,57.03763715328675,0.11006387532752851
23.70034286125809,51.22283701557301,0.1516117114029762
29.0700934131697,52.13057724859591,0.17292402794356154
23.012372991082376,39.787058082658746,0.12283210431748401
14.160837348650327,79.25894236389959,0.0691773541338536
32.657217797946075,35.16937069726679,0.18821367857152363
20.000948763324246,58.2863576350029,0.048540154414392335
20.559762011580084,63.3715811118548,0.12828402331223346
25.27098287425758,50.552993048217395,0.16367428268308584
29.634697226195247,40.12251731641973,0.18354710377320704
28.77316927115328,60.932938733112486,0.15463221270171634
27.907421238450727,39.6446928417223,0.13078239215442913
18.408741453734134,62.51125005644817,-0.05387063263882615
20.240406563917283,45.316342139025586,0.2207275560211593
32.34576402842168,39.043492089817526,0.1724498502309832
26.563803599283027,54.81567746852645,0.04610785124179616
21.089130773597827,68.28522943033693,0.16412096342921062
27.464063306151093,44.266205539758666,0.06366413235613323
26.68203812743583,71.16695278295157,0.16452793311887676
24.51161460571936,58.627502316432185,0.07198520232002736
23.47530126959609,40.522762260719695,0.09547703658740364
21.10959750462999,38.237603748052294,0.11680511771526887
22.374210481298995,50.585892871175474,0.1338128394980636
26.068325664315672,50.52508226510777,0.12395893924086411
29.32784237547212,34.50891435942116,0.07704051775316326
25.6812651211864,42.45011054691975,0.15511842432994188
20.39419878335011,45.94434915941809,0.20790001794248092
25.123330657671293,66.32644969604986,0.10282313167008222
28.980217942639772,55.111216964313535,0.05482725114943066
24.632260889891704,50.86492467131954,0.040619906965119155
24.57523513679228,65.55339008394392,0.1376961664474417
23.72762510188698,51.000557871690404,0.11799356063204172
25.586939679842022,40.058800914225735,0.13494392363156452
24.454074585763323,52.13514528893516,0.15604734475267898
21.33023494767524,43.990147571214116,0.20891736725405272
30.065826184998052,40.67097527041988,0.13367320160526464
17.977655690112492,60.44596385266391,-0.05823811601340623
27.153924040522057,44.46757615195049,0.05715283214422466
16.571364973095136,49.14519071755301,0.1994852292838662
21.829375822688174,46.252671449934205,0.2036710073510138
28.742404746111653,38.74558489117935,0.19555309837366117
28.116381978118838,73.58821595568442,0.16764439557991456
29.564003064984064,35.77553010291891,0.17196422871300382
21.12799331282034,50.38361931437986,0.07749380483587817
25.068166568831135,37.08397759312719,0.11573164267687694
32.56284729542578,55.59246960681091,0.07487105906026453
24.321215432844536,55.48843962085133,0.19342487650953008
25.829969617061327,38.186768811518625,0.1558472804076533
24.890556269148238,40.43081699222223,0.1297468359767298
25.71534419985523,50.15683141123942,0.14512206702618088
22.430430734121476,51.25341740244847,0.11905153688594362
25.153995201389698,56.11294552838585,0.05468111457705479
33.64170831110539,38.60570060772412,0.10831362997607812
19.801384751217963,42.62318591650052,0.044262614466768754
27.82504088706485,67.68305858718425,0.1701768566456079
18.042130359730983,63.41047528100268,-0.06766113707376144
12.758948704245125,73.53392299303775,0.09574884116162964
21.406971177966415,51.612125302814626,0.07402816606494378
28.281052453252226,65.89940495806832,0.11195479178446355
28.789942217875595,39.47699016676027,0.07977348267801898
23.296301418456473,63.810258813909705,0.1272756575658811
22.966971252439667,34.336780233450284,0.13507277857752273
24.037586290296012,52.07124032676708,0.141634602272302
31.934689203863456,59.81186736182047,0.0298261240774141
24.750555838520945,55.0663522954526,0.18849090807333424
31.08375263912695,64.7616474914685,0.1594391056547556
18.890845036257787,56.216874525137804,0.07601053627875909
8.383657853269474,52.41620636075895,0.06480009842466088
19.38537607283744,57.89105485274479,0.051960042652317906
21.308849339797373,65.09391986098103,0.12996589744399495
25.72365100066961,55.38165553731518,0.157829070777196
24.73078141921723,57.161981531622565,0.010237045233096695
25.61168173513767,36.6880563993815,0.18755691450638418
19.99058047711091,48.524782459446456,0.021205557199362426
20.025571712801028,42.053301174541325,0.21004982979919767
20.940091067825808,53.29898695185397,0.12239909174827736
28.135109196040162,48.458116545623035,0.13664368504869964
24.801186824496316,36.545007704753836,0.03132271183067822
19.98962066579199,52.77498260204077,0.128716350416426
22.524446536335514,42.07353743684232,0.10787759096623756
20.524386231150835,51.91202651689587,0.16337846093640868
25.86889472115862,73.67033023573491,0.1736216503825854
23.59119155583325,52.47326269911533,0.05661620947167718
18.158707327771754,49.83544948699906,0.026518969479953528
17.03644086957768,48.8243658599173,0.12442140584333418
28.838695106470123,50.529750950383374,0.19487315539643926
25.135358057961408,57.8505747710091,0.1946802902703894
23.071098598013908,57.61302807695532,0.056130096325182885
23.037495105554072,51.67328058218371,0.14691067163546567
25.4286275630331,35.17592345440745,0.12874823622528428
25.575691881482378,46.78702740107896,0.15664419417913666
26.819559817286898,57.509301919477856,0.16596299383877255
15.679239933513283,68.85319960302853,-0.051975636263347016
36.01379938633481,72.9609344460276,0.12856670144246887
20.888208648616,66.45243622592439,0.1423654131996515
22.147566860223215,51.76283250841834,0.06487492257240807
22.641132530486736,53.79882528689761,0.1522728380288417
18.210776086800532,51.70742959932122,0.13148000456947934
24.790322098025598,34.21289690508671,0.031527536538101836
25.742978941520175,38.56555015074612,0.19362803122554464
30.990591685187574,57.34719807990624,0.06731987558210446
18.821703185420684,46.25847904648204,0.21381234427218215
17.966155516443724,79.10999043447916,0.09969001444879101
25.153401472145855,46.51667678680787,0.018118410613857196
24.71856708789788,62.36419132605524,0.11476090779720065
31.387488390545588,36.66902324971103,0.07078169235241809
19.153594462290517,52.42972128483276,0.02047572334943117
26.669099433658474,48.560223964051886,0.1625037376164024
26.770406525119743,62.881307015996626,0.08677794441118182
15.2170038818627,76.26758333138557,0.09444103653741359
32.6748820822951,68.37113916469353,0.022903412834536188
25.466459021033675,59.31863838447612,0.16894952702290605
27.790678822842015,48.02936534279858,0.07873791990888937
15.454933359462919,78.63906181524145,0.1378168167111386
27.081088467565813,53.083329639900924,0.15583017254126283
18.625151194111805,58.987863267678755,-0.057087121747291594
20.825356324326428,52.42003877075148,0.1435919437226941
22.93212625809375,53.56782925832122,0.06986870794669059
21.255632298907255,41.49338790420178,0.1132133886390354
23.709038834085867,46.6884658211835,0.1298703685578505
17.029244165774116,52.85162292739281,0.13353327198813678
21.76694839364596,50.10558206038987,0.03615033910145635
26.929560226054498,32.13768302101055,0.030058485942786744
23.166197065140945,52.514879136070064,0.1482151847088421
30.766804751323583,41.6069405000607,0.1915255584561063
34.54407764212597,37.587174352074996,0.19346629632822712
25.977602187002574,54.508220143203374,0.16181552532361926
22.99955202687346,47.25959284317581,0.02604517869551537
21.395991886225357,54.970906687557225,0.14259851632301296
23.173327367528415,59.49143337931024,0.06073209068995557
25.618178896024304,51.82891911877731,0.14529006490360255
30.919986864259354,58.59728376452083,0.21064816232899394
24.758431893666458,52.46937189732636,0.032983466017153545
14.388604716322483,46.37900927667222,0.1027974116825279
20.144100767807235,47.71869336709747,0.23681568892679175
32.55148771032455,48.26119723408148,0.1195096178217162
17.733397085507946,59.72819048435132,0.15484907423495545
25.797659071531704,59.27974314437403,0.21153313641192967
19.523061237461985,50.52281999407708,0.10874837950779202
23.097601313877686,51.440153338420416,-0.0024331008264353096
29.129385499043604,55.95248288776353,0.15491223928933176
22.51008769975793,55.9540713024011,0.14009120857486437
31.03383090475381,39.24208504359467,0.023884585923799134
28.136069550073294,57.33651957470051,0.17865722552149457
32.7729183593168,58.4827508865541,0.062388068806030275
24.590044368764886,61.053821498812674,0.10890138373740374
17.33553635450849,78.01377766057767,0.11945177091357573
25.67231298617211,52.60737342779469,0.11652336120324558
22.883571295736665,35.120725577819705,0.12259570215711714
24.706094787875855,46.80464358282567,0.12003218458190919
15.693360756307348,55.1835993107888,0.06483652954781065
21.135546629768587,65.41919361228865,0.10589357770192648
33.01946209186088,51.044186189675415,0.12136239981020755
23.8517049230377,34.83558986628184,0.134731876559822
21.79840999918083,62.72754191731069,0.05248799947667722
24.359602016762608,45.90012696359705,0.012362915799438752
28.95616689134949,37.060934782953645,0.121179599083271
29.41409938837172,45.02023018626707,0.08364133645436078
19.66837002969352,52.456356016410005,0.1138290586017068
15.122426840557305,51.43761383751311,0.14138028414724438
32.97377742751304,54.148594759424356,0.10062872348045773
29.86554170555992,34.2825376679135,0.18495816812114185
23.628240463318637,61.37514387845222,0.09937493420924987
34.451301996726926,41.67789217554804,0.15016586357042727
21.51951587847607,45.77136415836202,0.12279461849184495
33.707445153862416,53.07973709908636,0.09525152449353612
27.13486157367225,48.79956431219624,0.060215820601379005
28.78013521547719,41.38627380617525,0.2128609393807645
29.930134215165356,59.431671109038625,0.1237593382450203
23.477638743589065,66.60168240423269,0.1075309568487075
28.056232841514195,49.98660824942606,0.19773519373818996
29.875763200861666,53.736660722152905,0.06661893544665896
22.105789956736373,38.00894327950361,0.07783017025781994
27.396144767260452,68.05323729987049,0.17647500911225625
26.03862870285984,54.93266887006859,0.13135351289499153
19.565559533061013,79.29881976213699,0.12958362550362354
21.091170289402676,59.08949907135783,0.12216962802174168
27.61130292875406,30.280215726008862,0.08417926316042931
29.7400230443437,58.01603141576559,0.15140643958951197
24.30567981387557,66.1702626783582,0.14314649937008797
16.89730293510658,50.98058325489026,0.04040591377335229
25.499285360329186,59.52408063370418,0.13750975318517028
16.067761431375786,49.922186864909854,0.1998412181127276
24.826860931378487,53.586339577985434,0.16600527826715256
37.25528524897393,41.593547203126704,0.13522389395402248
24.593985774544347,56.92181572235637,0.12983740387600112
27.646215220785276,40.49000311139629,0.10921007714827291
17.85288939798726,58.005538208096326,0.14669406845134053
28.959474739853526,33.23729883511655,0.19538794406760562
23.820913432683398,34.23682752592133,0.12132787161037197
17.567908938695197,77.26579723175767,0.10097730538715444
27.840498966627084,45.82561942188919,0.13910256292007123
20.006617338342565,50.97340504433766,0.17213541772420374
32.70424791188346,53.15495870501716,0.10184573238934198
22.882427054823065,56.08903049676714,0.0363129046575457
24.519718063005097,52.97332520193716,0.14799792694303354
20.3949149930777,78.13622814371992,0.07026408557261428
20.812317252085876,52.514981923403056,0.041122736440238256
26.820642676269344,41.352982393027666,0.12472290356210185
19.31314017700182,56.38849401817569,0.12149434121381651
19.69311106371886,50.4074745409553,0.036304642454413956
26.55866165229749,33.39443079926361,0.010981927188879918
24.77285887757096,41.95564019164571,0.11407071957704705
23.032844380735938,42.57087069557308,0.11954325045778712
24.588561269251304,54.33904630086119,0.04700940686631779
26.606855055549122,38.15892471841178,0.12058575708988337
18.136739161925938,79.02314342952238,0.08743732378058625
25.635399852108,62.17003590239258,0.116449281918466
23.734147937831352,54.36770192617383,0.11490097201109307
20.115120962964397,56.103342494890725,0.027269216152375785
12.13809353177147,82.78147461873932,0.07671831077041603
25.152554310008345,53.70393488663334,0.14691602686016833
25.990747363075005,77.33037544654866,0.17855165783703042
27.10378217327637,74.20631287648332,0.1670725514532792
26.801234810208687,50.10324991636296,0.0061612508287350815
28.46112090248138,30.57282461801095,0.08916653274354863
23.16368880319969,50.01074194422794,0.14692606508146783
29.65270776636467,40.999727500706555,0.23813057940802418
16.102534140218353,45.44938586050873,0.07808910715605996
20.26867519950291,48.625308478910846,0.030495361037709785
32.49404707515717,56.85951368198384,0.0352979530351382
33.391604247666535,57.45025776160329,0.08255391814746858
17.63404445423698,46.98650438550302,0.19834297376936438
26.20389075366967,46.492317840241206,0.09932515323533153
19.7245699465313,52.2077390946569,0.045949236699554266
23.95042375686036,51.190598442347145,0.1123906530464536
22.504545427994284,58.62012423444063,0.05618809616076058
29.47638399948408,27.120563059782942,0.0858767244881902
17.15536734834032,49.36277757750141,0.18017027595863988
29.420944168842993,46.96302989022124,0.08717221542115856
22.27074277245978,48.174437127448144,0.13933371911256145
26.114435729157215,48.314980501450805,0.2092677976111561
24.171747895463067,56.62433864346632,0.16680382883801334
21.413744410784815,57.69440675430021,0.043517135966363925
16.374486834520827,48.56319666452306,0.06223419681371609
29.19164228561805,39.81348479642252,0.1607640717436154
23.817145009189776,42.242445081880525,0.05919434007185616
25.46885484595903,52.05563795734576,0.13660988617626732
28.69545652398278,46.434568377412056,0.13749336641907672
49.61734534462156,31.912733876448655,0.12729905131258615
26.08324296560305,45.98178207404866,0.08217214384551985
21.898006275301622,56.78938440203884,0.09072845290224488
25.73755163849205,46.72821548535167,0.11725369124365924
25.56296705907628,64.84142779673869,0.13227884578594085
23.77495280695301,42.949956467448665,0.11783759127913503
21.18451792766456,48.16419774362008,-0.009331492682948809
23.032899041015515,46.699507501819134,0.15118660073172216
15.48896055946538,67.88773905356166,0.12622651582391875
25.68403797130055,41.867881748733595,0.11465977448444388
13.141988970208002,54.23519140749989,0.0625252491844098
17.213715966365594,46.77855527415555,0.20065259785941017
21.951602049466167,49.4340241148228,0.13894291857240265
31.02747339060613,44.80237455898489,0.15619860922104586
29.887352021546786,46.176700025687026,0.15474703695804432
9.185347299745755,53.30189858825243,0.06698406915596025
28.646184150357406,36.25394756254875,0.08027861869015997
20.25920108820671,64.37943384259923,0.12031551191079493
25.96611176719011,53.716466356165206,0.13539247310335126
23.156000640942622,58.4852385211262,0.16134585493202724
25.239472284817783,54.79632563251349,0.1517978657589662
30.195146744675352,56.02420849990523,0.01557960441178203
26.46896400778867,58.66966379143967,0.1632654021411519
24.163799938685344,57.01789650319127,0.07918396007243532
26.3009317676856,55.644234861656216,0.16264163564518128
10.905791756242179,83.44832604571802,0.08612165071483897
23.464817792388885,69.04819277001342,0.09266018660928486
18.9677685568762,61.65886626780974,0.07500064577308674
21.46469375643287,68.47185993554781,0.13231229447616294
12.052110720002316,51.803099235375846,0.06011699568115135
23.89518020463492,66.44777456301874,0.1201173580226188
28.754272390529984,55.984527855051155,0.17542184498327185
25.491247488095045,58.19138880710356,0.059059692621609254
20.885075667113732,66.95219260302473,0.1256777296079432
29.923904764344243,35.53566616940422,0.1693781828393079
14.299447845351994,73.45913106307393,0.10145992631853279
19.10531726171833,79.50128216925974,0.08222439130834064
22.64843490551164,50.05333577516616,0.14370894606054027
28.098444165634184,44.36423649734572,0.1845364934596421
22.789678258251215,55.53370952120725,0.08700590585215306
34.491753166610465,70.19383619717604,0.11555313881817467
23.618655663919178,51.23440129081541,0.3086008028817154
24.202139124421944,54.096725569291145,-0.0047376736511564
30.16555703993092,56.73232105075079,0.06576676756384815
23.34443082725973,39.397641426327894,0.056207127973989496
35.563416391382134,51.755593221123384,0.11658953710617526
20.215270521179445,63.24961100014811,-0.07599118388003241
26.02873708772105,51.74617455576597,0.293048905104993
32.596587518128146,74.7135417047397,0.12850496050403473
28.810306130941335,55.21402441885037,0.1728592119584286
25.843980901078673,51.83385854136834,0.15522246674230852
15.221604932679334,52.083292855218794,0.0617352819455782
28.670622920767773,55.65093206004906,0.04184589909991342
34.943953077293756,39.07829913213959,0.14604993731797866
34.09858404414824,75.90796671354654,0.12035220389267015
29.609262325395353,55.599392428811655,0.20694281473925472
23.004635047814077,44.53761893727024,0.09235204226119195
27.579907140138825,42.26033171187766,0.017293463338516283
20.193347706655196,59.775335849373896,0.07620199834056472
29.1158411481116,54.551419590992786,0.05435690482729291
15.15169105419755,56.40152399409785,0.04892205079323034
29.064833324664733,62.87298689077,0.09237960092929202
17.108074133617084,46.76867740893289,0.07444111170201553
18.39785735939395,66.1127465150467,-0.061369042172228216
15.955140125711441,64.4716854400259,0.13508523118363983
18.67923429307441,48.4589259981052,0.23096331475169676
26.013504982123415,34.95253323952959,-0.004114688871803071
22.583464939258796,47.51419654379262,0.026836900207234386
19.893961941916974,47.22675371845512,0.15663342978697642
22.323304201329663,55.892246120476315,0.16672505263360252
18.393425696471592,48.76613123950975,0.1709420428086716
27.237091641085183,48.08209488832472,0.08456581380905887
26.04075440112869,42.06944663267781,0.011886366601984371
22.987915606659502,52.45284829800157,0.037004005995321644
21.189469779992518,48.711907767902005,0.07543644087524863
35.27460063109654,38.503632611646545,0.20700917921273707
27.10725031251409,37.696397019093766,0.13279551474758314
17.815160009520387,84.07512026012616,0.0919196922895425
36.48051436688582,40.26271059573959,0.12405383306169415
27.023469970094077,47.31152727053542,0.06171646577903252
27.652876961060866,40.60792230318457,0.17548866170224736
27.175804067692855,41.065893603602014,0.12441327348707794
25.9301071151491,59.40219658874238,0.15021115765844192
22.880513455142705,52.150992723992914,0.11766713459477228
28.80745829378529,60.97013037113215,0.12694401334093997
27.14303086290201,53.45484412307116,0.1047710608411285
11.91671134521241,84.36133144578164,0.09146048655706618
26.257200157432745,39.20442417490967,0.08203878876676521
23.963977994778137,69.84132135949551,0.12765897335760987
28.316528115644783,37.10288207397979,0.06307430505569712
26.1694300144555,59.579606629302965,0.17185312970301586
25.74848598520504,39.54870394362417,0.1028200946462949
21.252251411306194,46.66410929031606,0.03280294525691561
21.06536974292138,48.93304319468767,0.1373797796975716
22.772898841220993,49.185447797709834,0.15190274977626972
17.71779415800838,79.14462474931241,0.05568045921561976
19.40672685462083,52.383517721466994,0.07776063780982904
20.657135116520863,52.66193164209203,0.03858758954523306
24.594307219201,53.71846010155842,0.16104732332170046
26.344584633619508,50.81551440583375,0.1430305127316401
25.04978174176328,37.86036682707478,0.14170037355812962
30.470534467131138,41.83384381900479,0.0038811348511861177
13.606498464066654,76.45293336026747,0.08387702723913948
15.385727656212016,72.83578288051918,0.07418976888626265
30.35062220492336,45.36942983752924,0.03885233492952697
28.06877769069299,51.83012445731006,0.13369381347507575
23.484221531139585,53.458965298343855,0.15513239192479714
18.808213951028495,56.773565155884214,0.1258313416721648
35.64571571547105,76.36002557439726,0.1329048729893187
23.278470277273204,37.18585692223198,0.12492951930828192
23.99922939986195,52.764436850796784,0.16691132634021608
22.482545241113847,64.95871198352489,0.1347087111792677
11.533890549096625,76.26939140555038,0.08849769324558851
20.767536901490182,51.68041242666991,0.04704597851108787
21.39981166887382,47.5166934553696,0.025237502329663958
27.435363932467922,55.3695991697262,0.11708652212932905
27.814784583728617,60.87077613208626,0.07449514263829593
23.67374851696547,31.02029043372333,0.10645110690931352
27.55964617842348,39.41188596925889,0.1369222053100632
16.32662620363328,51.76310817230417,0.13049572358552466
24.82562396857511,42.985214306104204,0.11008143171267464
18.24640596094213,57.480155126173685,0.07014920535169204
33.89424443096867,42.17913322868061,0.14252078244128955
27.275439840536897,37.37504120594166,0.001382151710106052
21.069593483892444,48.02005031855852,0.24578820248324462
20.61741279827641,49.75273079768979,0.12056483744472742
19.516726617645325,78.12039877410861,0.07856675582572481
25.820534736367993,51.24709085858387,0.13656243803421392
31.347852952656996,55.29178727454422,0.12419466271728578
24.44601469722203,50.268874592472216,0.12194049175660224
17.47685166095415,52.70353484278877,0.05900522770992849
25.95624181295,47.23649942027282,0.15162086994527044
27.599256647918043,38.657012595171174,-0.008465158342138917
30.458060963583907,54.250399847337476,0.024362641989107335
22.962941742647047,68.72991945848972,0.13983946888645002
26.95748701236258,49.75936634865527,0.15377530478802628
20.471336141656664,53.274092678126856,0.07600036674182409
19.28629051678358,50.58516599985724,0.12788864642124084
13.867710954768777,52.12614275407632,0.11614657951305475
24.334756053386887,51.278191816607546,0.14952627811635508
24.276085161259427,50.09756133832346,0.10880626725510613
23.39282854589607,55.31126666116873,0.195310924834442
21.955035153623044,41.02793078853293,0.10739121269580812
24.472355732245585,56.30172209324096,0.03995664870369999
31.410052621042805,37.83611534969073,0.1787156651503622
28.473095638369784,54.55787632382777,0.18132793672719305
29.863794661327518,52.681879129105525,0.0974952331653536
31.01150091093846,41.628979307492756,0.125378312448688
30.127481774576776,72.35959760573058,0.01752105589912749
24.899027391610186,56.770313402402095,0.15983160375059804
18.925309562664935,57.32458005878168,0.059425886730004374
25.26723061680545,51.67034968769923,0.15471843896425277
27.426184617386564,53.16986312210765,0.17471055813503664
21.075212675015898,53.87620540300341,0.1352651993811602
26.524541809325882,54.80181977438257,0.20520753304888326
23.270775421162483,52.86329645795162,0.1893243687655279
24.375863211918578,35.034253767829036,0.12595363227831896
25.186001034409365,63.512698484364336,0.09700679422285968
30.75132123023042,60.393012110927074,0.21359892016201257
21.42294591301296,58.480847351699076,0.043429535208044906
24.154727678251053,51.46853103692261,0.11147451707444883
20.7908808281528,57.05000456713974,0.0852955248569465
27.064683043423372,52.07106320270358,0.18717834570568895
31.174711429190094,59.015606067540645,0.03592763168242869
18.55157862302973,60.9633922539911,0.1590098526108452
23.099524971210535,53.08290844429715,0.139495383449813
22.29668879570542,59.886372009920386,0.10775047753611328
14.65115632385493,72.8999334878025,0.08350352563536813
25.019363809340877,41.75479456415474,0.12270131530644024
22.935810906404424,41.663864606768094,0.11549380481757103
31.138532068830365,37.67051036235366,0.1858682982224361
28.544966627987325,59.224469846045494,0.09310031422831105
22.089427979628613,48.839652525961085,0.14497577375470838
34.01191088342837,40.16603121105464,0.18066431399527613
23.967006487235153,57.713966510321434,0.09191491715415834
25.205224984992107,39.561798616642356,0.18020613843879635
21.858234801342462,54.259281424334475,0.061534494916977454
26.518514823808367,49.045543915689734,0.14469996423062204
22.62891207373359,34.27655297490688,0.08671760557341436
23.502310452739913,39.82249384233173,0.13083307075441544
29.241471489475046,35.49555425264599,0.12583996135754447
23.25106853349115,53.20756540514716,0.11224100068398055
18.610257424780073,59.879382791762644,0.12799857002355583
19.818100144719956,62.432030557332794,-0.0645005744455137
18.169041230974088,45.538315153664584,0.06817658449528446
21.79146848498729,47.637845258569186,0.17801579521160188
29.53990788656912,52.582473984143995,0.1327547457242973
22.884663878807366,46.868920809870296,0.1277536790056909
26.93950776149192,51.80755963977903,0.0541683390631992
26.609883839455602,59.38793666594213,0.11640424915779475
24.081162988295738,71.53481968194984,0.16268405983575315
27.771283327318635,61.44838500131193,0.09366117531240936
24.056304957499055,62.565807870399595,0.11204797666083924
23.185446180868333,42.63709714811097,0.10962353519813046
12.367880054575917,67.63174437844759,0.10377980955679728
23.170995526373538,34.43583978257959,0.1392707109949924
25.20477329598587,53.789911696681344,0.16938538090438407
23.890553743351692,46.08373630683797,0.11670083092146288
27.290368276757857,44.95658600751773,0.05893578274633819
30.45879339716568,58.854881491536304,0.16436369003925538
18.16558517272063,79.2298696699602,0.13031040449466144
19.359618991865414,53.212544265824555,0.11301462896397291
18.231435184938622,78.69777252492302,0.08032367855077341
25.63074760539262,62.805911811758065,0.14502666052489724
28.526064141540857,43.02218876273419,0.011544753427792685
31.409625786534733,62.452691824170685,0.1302146777432148
17.877018515569866,85.00906825845561,0.0912582422561768
23.39715293419547,56.97258816348796,0.10696670606236745
22.93880079991448,61.38231029036139,0.10263868510651977
30.015371764802737,44.37075600938081,0.07660629946126811
26.074030902521084,54.07177095818052,0.17906316005865647
31.045364833489703,40.36696495577456,0.02070882208830442
23.152499241783325,63.94372330423218,0.1551222498596867
22.186643642331,48.08238359921771,0.132680554314635
18.126560172474434,51.04698417299719,0.14360567302470428
26.543371827387308,48.55588523052905,0.28319882735439744
35.25241974550038,37.54635869335404,0.19064665376122333
22.836662299554753,53.58591286587124,0.11064278967747539
24.159929252493217,38.559479797615644,0.08958146961587982
24.12229607173445,55.61539864699018,0.15520178432571627
11.016497297920267,74.69780108463159,0.061100528289154535
20.416410922013362,39.935896645460524,0.10167917956537065
22.851132801602656,50.492173978576574,0.023538540746945728
11.5832906720683,77.25484469398414,0.09339578830868697
21.87791106392855,43.04413060262748,0.06867715027319563
26.397900803804678,70.78137916160995,0.140609794242394
20.666284731792935,54.999663618613,0.16530549664078165
28.544532707844397,36.391433338162734,0.07841699513518599
26.81439496466273,45.19080223943703,0.24278983008514204
27.69718028660807,51.00246469764329,0.15257365886218524
24.967096283262222,53.38833611240913,0.14521120722220998
32.920260756653214,42.63834641899498,0.0030168473465018095
25.603170429630683,63.015179771091155,0.1780902355432498
18.190036934096423,52.27668437740575,0.1545732699423666
14.624853594204732,49.25754038287169,0.061820459079340626
23.57255141751657,51.03977924365861,0.16448124802529163
19.246199567588615,64.77659712865186,-0.049690415858036685
16.86098447578094,80.90031370202192,0.07724481228553495
23.93259165105205,84.11329306372863,0.07043016363785308
29.639803518922456,52.85588277005275,0.16460819872790022
35.701257157333394,40.51878944164147,0.13391093576896054
18.503171902587848,77.10632550985773,0.058458933139866026
13.50801218922264,44.69079655882888,0.09690820934214357
14.35709963346349,78.52668674192134,0.12794013303263094
19.347538130328864,60.39901688456627,-0.052545096751351154
25.736624164009577,39.794359585251016,0.07309412968818335
27.603472083148738,59.37862733186223,0.1405537345835351
26.488260746646937,59.8525625099825,0.14642038831614296
24.072567533210808,43.5745815160069,0.10720786656892486
26.696428354383333,39.805545901371,0.18186913291327333
21.92767907697148,41.47859780773111,0.22114614172458683
19.360234956717218,55.60675112860263,0.014030418593576045
30.998056231536964,35.06839631299376,0.18439136912107587
15.805784474334727,56.64401341656721,0.15223733242194207
27.03002986732838,39.2605939605663,0.18346779366791482
31.221168304517395,47.73053702904726,0.09908995774136294
24.05300853385076,55.04545176138566,0.15707842291984672
25.653724012493765,69.55664901969223,0.17788016543888002
13.966819916831824,50.34967078187293,0.04853369310893183
19.400144892898915,71.19533654862074,0.15849688779300727
26.661148870547628,67.60831414960624,0.16168331978515302
35.35069369241809,68.07671191482599,0.11740830570935629
27.781671670186114,36.87665559155779,0.16486764285511699
27.87433311347563,42.11976442970692,0.1350289953802554
15.075798700066313,74.7515253754199,0.10699929066046425
28.362538160323645,42.66083999503081,0.17146580747415394
26.99631778961174,67.86932820297469,0.10232328539603922
21.084770457314022,45.05960426677448,0.21853381584562612
25.68158689611668,40.068969753501705,0.10212152966373306
27.81053479279261,54.657686123486705,0.11452106481596536
27.426690977067913,47.708484932519625,0.07500296331290225
22.337873934979033,53.85133095083748,0.20922813579906546
29.877149999174627,44.80491697544008,0.005993489972848185
19.992208471678353,58.73412007932858,0.16060280944504168
26.65980341633398,56.17519238391998,0.15561622260304078
19.7491159308181,81.85425101405826,0.0736537039087309
47.2788159712791,37.920270051607325,0.11143202556283908
20.768548436406896,51.58313013663431,0.11745207983829598
23.0748586630763,54.41634447204125,0.15608667037687893
28.990654756370052,60.15560670333928,0.14212044671652638
27.296749702854534,40.80823522774922,0.18503491505330483
21.93379378011078,55.023427227958074,0.1693952512183613
32.46168692498534,55.938083558804806,0.03517511535994188
24.829417023174383,58.59118155298619,0.06185431434761207
13.663546990561532,51.0003363221693,0.04183651578027731
18.738767394465153,46.5398944213531,0.17773393230591378
24.176201884651068,39.51849721864244,0.1439043646772754
25.278816964761322,66.41504277259978,0.03768868365431559
22.8318952389047,49.658694972297425,-0.011639364556604003
35.394813089765236,36.63388930032342,0.16953563040212669
27.73715606115237,54.17866397860535,0.12014468665269787
24.808802887958056,69.06995772908064,0.13433202870540334
15.834558382373512,69.92209107675043,0.12998240529745836
24.386232516936012,58.347364696249436,0.08930517698931598
25.364488077725145,51.89681771401616,0.17579966709775754
21.598294571697938,52.29976299974411,0.13493025573261938
27.38632438312559,34.721668005881554,0.19504547497245012
30.70904528388036,32.77829018728487,0.18728608322753387
27.564646677489126,41.35569184255121,0.12248650559130081
20.761713522991798,69.17493630670994,0.1640833352577604
26.95110164296728,52.09055945511748,0.2954505345427303
21.513950307175282,50.95578385572377,0.07347236842831319
26.328762295927284,51.82869643067647,0.18740315841192803
24.35388749738721,45.67103943892818,0.010571607577009813
19.913283472630262,52.44074196860946,0.13721910123575762
21.463850736097406,46.65851753750521,0.15982205760404286
25.883254718511473,52.26950187163886,-0.0037189763295989156
27.34293340273919,57.99731759610017,0.15098940348379958
31.496705377929096,56.104491346168736,0.06470578695841026
23.957043377988057,53.47848876883638,0.11399939685648275
24.802541669142187,58.95387572764271,0.0938871376173806
26.536410501046625,46.05930790966348,0.07440282450453904
24.329019549902256,57.36791168653753,0.14617642878754358
24.407205727358484,57.47778712112082,0.10183898182097256
29.342416915091054,62.79176238929161,0.09321436427621346
16.934548219923197,69.44322287051658,0.13357250876977786
27.02524519932661,59.39018031995551,0.15167957194003043
25.66897048534717,34.38658367318971,0.03098823508468899
25.625934715447265,53.34269512551496,0.0516583306659005
30.86103661623338,46.34706726066952,0.004985914851195166
24.45168149439025,61.78873159331021,0.1314732837981237
19.345560524130576,46.70204055431189,0.2146086294571615
23.282853059456162,40.404533453651965,0.10315843105342452
26.69447387183904,55.40203968894309,0.12199446144883813
22.754857333571387,79.46733500789608,0.08336463432674072
34.90829481763474,43.16854577700758,0.13787732336350209
19.560506977436564,53.64300394286506,0.16447261268378202
32.424295444065706,70.41102360085817,0.03301822096901515
14.657607878061588,73.38659732744463,0.1274442340343596
27.913407752984742,46.308448987643025,0.2110140933892918
10.845489443387574,86.35589832360418,0.08023622468129502
28.722702701506556,50.93896618757549,0.19452863098762121
20.79978581616081,46.786661464284975,0.12139834874315211
33.919430753881485,69.87318977307307,0.013912283450270799
20.799065036269692,40.38798396881901,0.20522126327948215
15.256600848468986,70.55285427481117,0.12607852926119092
32.570115861192,48.78239115945487,0.09915551546129535
24.74203265555295,58.320842176254644,0.16331002117330393
31.58170279977871,36.84214578148161,0.062251199874750196
29.60710487662833,33.52955256541084,0.13145232394448872
24.51922192538558,44.103868254245974,0.10676112227012473
31.93416858911229,36.449205771196795,0.07253322604321166
33.26412399348642,33.41820827790346,0.0663325056958776
25.41378813600147,62.98598354817228,0.09903281504532555
29.8368839195477,43.370569804406195,0.04679113855261077
21.918148333809206,33.3488347938771,0.13722324925132792
20.991204211536214,65.38390558641089,-0.06484896816643909
25.704448187751968,46.86570213528277,0.04289850713669974
31.615673012966237,46.32644419838247,0.027058300078303493
19.355984829460176,77.40810241401023,0.09158928469515627
18.575329357200754,35.99865441759027,0.07889669320285025
16.439342268554547,79.97230289854379,0.08082497061615161
12.833082782585308,48.55307453804205,0.09392579758936871
22.201516252808243,67.07327449390817,0.1530200786948339
15.072790339668714,49.978414723035975,0.18839987040884432
28.64227237948055,42.833500821325565,0.06871708203042119
30.86229085099096,38.323619178813075,0.16398720111359966
27.184058338008125,42.924206415422944,0.15670025720541678
31.494203966690097,57.0778083965569,0.0735967763947695
31.036858823524156,65.72544324107555,0.12772406000155967
23.839388411641934,50.99006848518112,0.15002673738745975
25.737298036851787,40.20851078877713,0.012066372785512461
23.29435025594555,53.388518051033564,0.16992479915496803
9.967573966738303,43.09670027850839,0.0878689911127829
47.421933785019405,42.59508937456388,0.107503819527377
28.005803299941974,60.115572346708184,0.08197201039344358
21.150432179640728,47.214873519215416,0.03743813014653067
17.019324220692436,83.11627037397601,0.1399078354109275
27.86940670087933,32.802972603668216,0.1967482562413494
27.522668481929138,39.147009835152744,0.1869407323767199
27.54326875218801,44.06719313744197,0.15992066971457652
18.976920950665505,44.10185438738058,0.15403030353763586
24.892408805105138,47.04874602884052,0.05343290462300422
22.229747168399044,55.46144737675303,0.15987899928009483
27.527788775533036,39.52486110866168,0.12203072157100564
30.433808487359396,35.421434795300634,0.1961284992027282
24.805900320717306,40.533434401682406,0.12928264912759432
10.616297748284444,82.70675724249318,0.07238723164458155
34.57363856816929,74.76458381103618,0.12626668082091488
16.813368230959362,57.19076591710516,-0.05294146994854451
35.92491148944981,49.81095738507035,0.11378505929150072
23.901884576645323,49.317640224452845,0.1206852411078025
30.113034539384383,67.92409508870549,0.12524249731389903
18.326442257052513,64.62130361589664,-0.051731491534986226
25.002791581269598,43.343897607921484,0.11078344264968097
25.894975004899518,56.17724879015577,0.1542551229865157
25.30831426922308,50.96774054734701,0.06030092188124524
26.630163088223785,45.46803749875424,0.028858681857747936
26.10167893674409,56.87683679641506,0.04314144430537561
20.931049378286055,53.6377760724073,0.1231636539983896
25.216680875310352,55.7465372435564,0.06460256981225748
24.29432651019474,35.0875963915053,0.04358454333226471
23.18163987635907,54.88650519991064,0.03306100493797136
21.50220780444024,52.49169766050538,0.037373041132288155
28.433860019302383,52.31723847111872,0.12498904003938799
19.89751698988554,53.327333705034874,0.0678582665419748
23.32477892035415,54.138359448790915,0.18671844191144024
17.49086164992054,49.17557187205472,0.21910513435109613
27.60831916032221,55.551016164848164,0.05880436238324627
21.461004730843623,52.37397277333993,0.017956990716654304
18.961717721279825,56.325380421758354,0.14550863849359527
33.29152482361398,38.98853938283952,0.14558697707364898
31.251721827895217,42.50034795764146,0.10007972873242706
25.731652159129865,59.93313274505663,0.11518939634216821
24.38718810973596,48.62889002276826,0.05979800539815262
27.914112875276157,55.97588148618886,0.1375013449187246
24.70174560842081,55.76228636824037,0.10349426176654578
26.705350786973,44.27455553792367,0.04882921682245322
28.298108869222624,35.626909231473725,0.08883974829763404
15.845082891920885,79.95590001257683,0.08987386248094324
24.917797030891595,53.26131099583365,0.2837280775831279
34.05763278147365,57.93817100941926,0.0982569572665809
23.879257434070585,78.17408771606996,0.1901577293374131
16.90417778013241,82.38870606689949,0.06908695348096201
28.120450402937557,39.43857312723818,0.09057614463337853
26.3011266366366,51.400135810433994,0.11241585285251073
23.046343492188708,72.19245565057135,0.15958498249722036
27.22482567253068,40.05148181389833,0.18349174862714787
13.595830473640632,56.419869159561486,0.05244970042658004
19.62428407501843,53.20116132683165,0.07624095129460769
23.888546131518044,46.60411803776864,0.13374457239547166
15.956990203996735,59.11760112086939,0.162982267454746
21.466896078741343,46.56997531006669,0.21545290099582975
30.766411782730817,73.3145122507366,0.13459480488643083
23.731439289767003,48.368043135543964,0.12942731898410073
25.1652223072264,42.05779112241686,0.13886335546241216
28.57851718758502,48.21400200285913,0.3106361998857615
21.778493667149174,50.97406330591269,0.12853160400256555
23.914878147231725,57.56099971615846,0.19058999675661656
24.954234311152348,53.08259418081635,0.14668822958592037
31.661829770666024,45.97747332616769,0.11025986333551643
20.490724111895986,64.27872306723182,0.12965250421062183
23.425875773104966,52.34602202150981,0.11380322315801028
17.32448748830943,79.2442431549438,0.098593453234169
21.618091148354182,55.42497247476854,0.08754500534759023
29.394900361463076,42.78036005323125,0.15674793097596043
15.155550188549505,57.668748505338456,0.03995488176237768
28.869501808770075,50.21561435270343,0.17978188614996193
25.489831648247943,50.897753254562026,0.13072175418092888
15.5565547709228,57.26219438536154,0.15222121817908327
20.481686046809408,32.868521773778504,0.12882727175371247
18.16757830682701,53.61927828836631,0.15066407333599177
24.674840886902878,47.51758487658082,0.14625889629638442
30.04650413166467,37.123943420111985,0.17874137815255822
30.909291334039718,39.736201914251346,0.12721355171895526
25.600696113733427,53.03483418934193,0.16222537132419984
14.545350062416974,52.559619614508385,0.14915462348518221
21.920726453744884,61.2131020755748,0.08254520062209683
24.85119300994857,43.98033195882428,0.19357260779460317
26.881933922343563,56.74646478704321,0.17609817941200215
21.057520179956256,56.65716713249357,0.15481823371930828
23.685897879816686,63.42050922606347,0.1151235621752017
